trial,testing,parameters,initial_deadline,final_deadline,net_reward,actions,success
1,FALSE,"{'a': 0.01, 'e': 0.9999500004166653}",25,0,-191.4031698,"{0: 12, 1: 3, 2: 7, 3: 0, 4: 3}",0
2,FALSE,"{'a': 0.01, 'e': 0.9998000066665778}",20,0,-85.24638561,"{0: 13, 1: 2, 2: 3, 3: 1, 4: 1}",0
3,FALSE,"{'a': 0.01, 'e': 0.9995500337489875}",20,0,-64.59782132,"{0: 12, 1: 2, 2: 5, 3: 1, 4: 0}",0
4,FALSE,"{'a': 0.01, 'e': 0.9992001066609779}",20,0,-134.6225793,"{0: 10, 1: 5, 2: 2, 3: 1, 4: 2}",0
5,FALSE,"{'a': 0.01, 'e': 0.9987502603949663}",30,0,-143.8891704,"{0: 17, 1: 5, 2: 6, 3: 0, 4: 2}",0
6,FALSE,"{'a': 0.01, 'e': 0.9982005399352042}",20,0,-125.0778928,"{0: 10, 1: 5, 2: 3, 3: 0, 4: 2}",0
7,FALSE,"{'a': 0.01, 'e': 0.9975510002532796}",20,0,-85.0032217,"{0: 13, 1: 2, 2: 3, 3: 1, 4: 1}",0
8,FALSE,"{'a': 0.01, 'e': 0.9968017063026194}",25,0,-146.8912498,"{0: 14, 1: 3, 2: 5, 3: 1, 4: 2}",0
9,FALSE,"{'a': 0.01, 'e': 0.9959527330119943}",20,0,-165.4661633,"{0: 8, 1: 2, 2: 7, 3: 1, 4: 2}",0
10,FALSE,"{'a': 0.01, 'e': 0.9950041652780257}",20,0,-127.1915358,"{0: 8, 1: 5, 2: 5, 3: 1, 4: 1}",0
11,FALSE,"{'a': 0.01, 'e': 0.9939560979566968}",25,0,-91.55464304,"{0: 15, 1: 4, 2: 5, 3: 0, 4: 1}",0
12,FALSE,"{'a': 0.01, 'e': 0.9928086358538663}",30,0,-92.87543819,"{0: 20, 1: 5, 2: 3, 3: 1, 4: 1}",0
13,FALSE,"{'a': 0.01, 'e': 0.9915618937147881}",30,3,-113.7817135,"{0: 15, 1: 4, 2: 7, 3: 0, 4: 1}",1
14,FALSE,"{'a': 0.01, 'e': 0.9902159962126371}",20,0,-133.8332593,"{0: 13, 1: 0, 2: 3, 3: 2, 4: 2}",0
15,FALSE,"{'a': 0.01, 'e': 0.9887710779360422}",25,0,-240.8847322,"{0: 13, 1: 2, 2: 4, 3: 2, 4: 4}",0
16,FALSE,"{'a': 0.01, 'e': 0.9872272833756269}",20,0,-181.6203466,"{0: 11, 1: 1, 2: 3, 3: 2, 4: 3}",0
17,FALSE,"{'a': 0.01, 'e': 0.9855847669095608}",20,0,-121.6373109,"{0: 12, 1: 1, 2: 5, 3: 0, 4: 2}",0
18,FALSE,"{'a': 0.01, 'e': 0.9838436927881214}",25,0,-227.4784833,"{0: 9, 1: 4, 2: 6, 3: 4, 4: 2}",0
19,FALSE,"{'a': 0.01, 'e': 0.9820042351172703}",25,0,-37.36215674,"{0: 17, 1: 4, 2: 4, 3: 0, 4: 0}",0
20,FALSE,"{'a': 0.01, 'e': 0.9800665778412416}",35,0,-231.8802022,"{0: 18, 1: 7, 2: 6, 3: 0, 4: 4}",0
21,FALSE,"{'a': 0.01, 'e': 0.9780309147241483}",20,0,-107.1384738,"{0: 13, 1: 1, 2: 4, 3: 0, 4: 2}",0
22,FALSE,"{'a': 0.01, 'e': 0.9758974493306055}",25,2,-84.10850733,"{0: 15, 1: 3, 2: 3, 3: 1, 4: 1}",1
23,FALSE,"{'a': 0.01, 'e': 0.9736663950053749}",20,0,-100.9876382,"{0: 11, 1: 3, 2: 4, 3: 1, 4: 1}",0
24,FALSE,"{'a': 0.01, 'e': 0.9713379748520297}",25,13,-5.63540488,"{0: 9, 1: 1, 2: 2, 3: 0, 4: 0}",1
25,FALSE,"{'a': 0.01, 'e': 0.9689124217106447}",25,0,-167.3541366,"{0: 14, 1: 4, 2: 4, 3: 0, 4: 3}",0
26,FALSE,"{'a': 0.01, 'e': 0.9663899781345132}",20,0,-9.631581549,"{0: 16, 1: 1, 2: 3, 3: 0, 4: 0}",0
27,FALSE,"{'a': 0.01, 'e': 0.9637708963658905}",25,0,-208.1966169,"{0: 12, 1: 2, 2: 6, 3: 2, 4: 3}",0
28,FALSE,"{'a': 0.01, 'e': 0.9610554383107709}",25,0,-115.9523246,"{0: 16, 1: 2, 2: 4, 3: 2, 4: 1}",0
29,FALSE,"{'a': 0.01, 'e': 0.9582438755126972}",20,0,-272.5923006,"{0: 8, 1: 2, 2: 3, 3: 2, 4: 5}",0
30,FALSE,"{'a': 0.01, 'e': 0.955336489125606}",25,0,-126.6155588,"{0: 17, 1: 1, 2: 4, 3: 1, 4: 2}",0
31,FALSE,"{'a': 0.01, 'e': 0.9523335698857134}",20,0,-58.76084626,"{0: 15, 1: 1, 2: 3, 3: 0, 4: 1}",0
32,FALSE,"{'a': 0.01, 'e': 0.9492354180824408}",30,5,-65.34675849,"{0: 19, 1: 1, 2: 4, 3: 0, 4: 1}",1
33,FALSE,"{'a': 0.01, 'e': 0.946042343528387}",20,0,-35.6249716,"{0: 14, 1: 2, 2: 4, 3: 0, 4: 0}",0
34,FALSE,"{'a': 0.01, 'e': 0.9427546655283462}",25,0,-73.32657892,"{0: 14, 1: 6, 2: 4, 3: 1, 4: 0}",0
35,FALSE,"{'a': 0.01, 'e': 0.9393727128473789}",25,0,-145.9066792,"{0: 15, 1: 2, 2: 5, 3: 1, 4: 2}",0
36,FALSE,"{'a': 0.01, 'e': 0.9358968236779348}",20,3,-120.3658169,"{0: 10, 1: 1, 2: 3, 3: 1, 4: 2}",1
37,FALSE,"{'a': 0.01, 'e': 0.9323273456060345}",25,9,-87.21088431,"{0: 11, 1: 0, 2: 2, 3: 2, 4: 1}",1
38,FALSE,"{'a': 0.01, 'e': 0.9286646355765102}",20,0,-132.5123984,"{0: 10, 1: 4, 2: 4, 3: 0, 4: 2}",0
39,FALSE,"{'a': 0.01, 'e': 0.9249090598573131}",25,0,-103.0211929,"{0: 19, 1: 2, 2: 1, 3: 1, 4: 2}",0
40,FALSE,"{'a': 0.01, 'e': 0.9210609940028851}",30,2,-97.77810905,"{0: 15, 1: 4, 2: 8, 3: 1, 4: 0}",1
41,FALSE,"{'a': 0.01, 'e': 0.9171208228166051}",25,0,-239.2827117,"{0: 11, 1: 5, 2: 3, 3: 2, 4: 4}",0
42,FALSE,"{'a': 0.01, 'e': 0.9130889403123083}",20,0,-202.9724512,"{0: 10, 1: 3, 2: 2, 3: 1, 4: 4}",0
43,FALSE,"{'a': 0.01, 'e': 0.9089657496748851}",20,0,-37.22866511,"{0: 12, 1: 5, 2: 3, 3: 0, 4: 0}",0
44,FALSE,"{'a': 0.01, 'e': 0.9047516632199635}",25,0,-23.14301759,"{0: 19, 1: 2, 2: 4, 3: 0, 4: 0}",0
45,FALSE,"{'a': 0.01, 'e': 0.9004471023526769}",20,0,-109.5228132,"{0: 12, 1: 3, 2: 3, 3: 0, 4: 2}",0
46,FALSE,"{'a': 0.01, 'e': 0.8960524975255253}",20,10,-52.09522445,"{0: 6, 1: 1, 2: 2, 3: 0, 4: 1}",1
47,FALSE,"{'a': 0.01, 'e': 0.8915682881953289}",20,0,-66.39621373,"{0: 15, 1: 1, 2: 2, 3: 1, 4: 1}",0
48,FALSE,"{'a': 0.01, 'e': 0.8869949227792842}",25,0,-97.31484699,"{0: 17, 1: 0, 2: 6, 3: 1, 4: 1}",0
49,FALSE,"{'a': 0.01, 'e': 0.8823328586101216}",25,0,-177.7011157,"{0: 14, 1: 2, 2: 5, 3: 1, 4: 3}",0
50,FALSE,"{'a': 0.01, 'e': 0.8775825618903728}",25,0,-155.5337099,"{0: 13, 1: 4, 2: 5, 3: 1, 4: 2}",0
51,FALSE,"{'a': 0.01, 'e': 0.8727445076457513}",20,12,-10.84815975,"{0: 6, 1: 0, 2: 2, 3: 0, 4: 0}",1
52,FALSE,"{'a': 0.01, 'e': 0.8678191796776499}",20,0,-182.9083206,"{0: 10, 1: 2, 2: 3, 3: 2, 4: 3}",0
53,FALSE,"{'a': 0.01, 'e': 0.862807070514761}",20,0,-118.8836383,"{0: 11, 1: 0, 2: 7, 3: 1, 4: 1}",0
54,FALSE,"{'a': 0.01, 'e': 0.8577086813638242}",20,0,-39.13504861,"{0: 13, 1: 5, 2: 1, 3: 1, 4: 0}",0
55,FALSE,"{'a': 0.01, 'e': 0.8525245220595057}",30,10,-68.3589502,"{0: 12, 1: 1, 2: 6, 3: 1, 4: 0}",1
56,FALSE,"{'a': 0.01, 'e': 0.8472551110134161}",30,0,-135.7544584,"{0: 17, 1: 4, 2: 6, 3: 2, 4: 1}",0
57,FALSE,"{'a': 0.01, 'e': 0.8419009751622687}",20,10,-23.96751365,"{0: 6, 1: 1, 2: 3, 3: 0, 4: 0}",1
58,FALSE,"{'a': 0.01, 'e': 0.8364626499151869}",30,12,-24.550079,"{0: 13, 1: 1, 2: 4, 3: 0, 4: 0}",1
59,FALSE,"{'a': 0.01, 'e': 0.8309406791001634}",20,13,-20.01720079,"{0: 5, 1: 0, 2: 1, 3: 1, 4: 0}",1
60,FALSE,"{'a': 0.01, 'e': 0.8253356149096783}",20,7,-22.75690449,"{0: 9, 1: 0, 2: 4, 3: 0, 4: 0}",1
61,FALSE,"{'a': 0.01, 'e': 0.8196480178454795}",20,0,-51.13844244,"{0: 15, 1: 2, 2: 2, 3: 0, 4: 1}",0
62,FALSE,"{'a': 0.01, 'e': 0.8138784566625339}",20,0,-68.80310303,"{0: 14, 1: 1, 2: 4, 3: 0, 4: 1}",0
63,FALSE,"{'a': 0.01, 'e': 0.8080275083121519}",25,0,-119.8688536,"{0: 14, 1: 3, 2: 6, 3: 1, 4: 1}",0
64,FALSE,"{'a': 0.01, 'e': 0.8020957578842927}",20,0,-51.07082169,"{0: 11, 1: 4, 2: 5, 3: 0, 4: 0}",0
65,FALSE,"{'a': 0.01, 'e': 0.7960837985490559}",20,0,-101.1050402,"{0: 12, 1: 0, 2: 7, 3: 0, 4: 1}",0
66,FALSE,"{'a': 0.01, 'e': 0.7899922314973651}",25,0,-73.27574374,"{0: 16, 1: 2, 2: 6, 3: 1, 4: 0}",0
67,FALSE,"{'a': 0.01, 'e': 0.7838216658808492}",20,4,-65.48133553,"{0: 11, 1: 2, 2: 1, 3: 1, 4: 1}",1
68,FALSE,"{'a': 0.01, 'e': 0.7775727187509279}",20,13,12.51878459,"{0: 7, 1: 0, 2: 0, 3: 0, 4: 0}",1
69,FALSE,"{'a': 0.01, 'e': 0.7712460149971065}",20,0,-219.3546141,"{0: 11, 1: 1, 2: 1, 3: 3, 4: 4}",0
70,FALSE,"{'a': 0.01, 'e': 0.7648421872844884}",20,2,-75.95353608,"{0: 12, 1: 1, 2: 3, 3: 1, 4: 1}",1
71,FALSE,"{'a': 0.01, 'e': 0.7583618759905082}",20,0,-34.94250715,"{0: 14, 1: 3, 2: 2, 3: 1, 4: 0}",0
72,FALSE,"{'a': 0.01, 'e': 0.751805729140895}",25,0,-187.1916754,"{0: 15, 1: 1, 2: 4, 3: 2, 4: 3}",0
73,FALSE,"{'a': 0.01, 'e': 0.7451744023448704}",25,14,-76.04139686,"{0: 6, 1: 1, 2: 2, 3: 1, 4: 1}",1
74,FALSE,"{'a': 0.01, 'e': 0.7384685587295879}",20,0,-75.56289689,"{0: 13, 1: 1, 2: 5, 3: 0, 4: 1}",0
75,FALSE,"{'a': 0.01, 'e': 0.7316888688738209}",25,0,-69.84752885,"{0: 14, 1: 9, 2: 0, 3: 2, 4: 0}",0
76,FALSE,"{'a': 0.01, 'e': 0.7248360107409052}",20,13,-28.38631666,"{0: 6, 1: 0, 2: 0, 3: 0, 4: 1}",1
77,FALSE,"{'a': 0.01, 'e': 0.7179106696109434}",25,7,-27.09177912,"{0: 16, 1: 0, 2: 1, 3: 0, 4: 1}",1
78,FALSE,"{'a': 0.01, 'e': 0.7109135380122773}",20,0,-126.1056272,"{0: 9, 1: 5, 2: 4, 3: 0, 4: 2}",0
79,FALSE,"{'a': 0.01, 'e': 0.7038453156522362}",20,0,1.267509078,"{0: 18, 1: 1, 2: 0, 3: 1, 4: 0}",0
80,FALSE,"{'a': 0.01, 'e': 0.6967067093471655}",25,6,-20.85376792,"{0: 14, 1: 1, 2: 4, 3: 0, 4: 0}",1
81,FALSE,"{'a': 0.01, 'e': 0.6894984329517471}",30,0,-62.76169751,"{0: 24, 1: 1, 2: 3, 3: 1, 4: 1}",0
82,FALSE,"{'a': 0.01, 'e': 0.6822212072876136}",35,16,-16.84319315,"{0: 13, 1: 4, 2: 2, 3: 0, 4: 0}",1
83,FALSE,"{'a': 0.01, 'e': 0.6748757600712672}",20,0,-16.87466185,"{0: 15, 1: 2, 2: 3, 3: 0, 4: 0}",0
84,FALSE,"{'a': 0.01, 'e': 0.6674628258413082}",20,13,-37.12079301,"{0: 5, 1: 1, 2: 0, 3: 0, 4: 1}",1
85,FALSE,"{'a': 0.01, 'e': 0.6599831458849822}",20,16,7.410551774,"{0: 4, 1: 0, 2: 0, 3: 0, 4: 0}",1
86,FALSE,"{'a': 0.01, 'e': 0.6524374681640519}",25,0,-107.3070892,"{0: 16, 1: 0, 2: 7, 3: 1, 4: 1}",0
87,FALSE,"{'a': 0.01, 'e': 0.6448265472400012}",30,0,-93.36887918,"{0: 24, 1: 1, 2: 2, 3: 1, 4: 2}",0
88,FALSE,"{'a': 0.01, 'e': 0.6371511441985802}",30,0,-51.74862079,"{0: 25, 1: 1, 2: 2, 3: 1, 4: 1}",0
89,FALSE,"{'a': 0.01, 'e': 0.6294120265736969}",30,0,-78.14909455,"{0: 21, 1: 3, 2: 5, 3: 0, 4: 1}",0
90,FALSE,"{'a': 0.01, 'e': 0.6216099682706645}",30,10,-83.46399223,"{0: 14, 1: 1, 2: 2, 3: 2, 4: 1}",1
91,FALSE,"{'a': 0.01, 'e': 0.6137457494888116}",35,8,-84.02880094,"{0: 20, 1: 2, 2: 3, 3: 0, 4: 2}",1
92,FALSE,"{'a': 0.01, 'e': 0.6058201566434629}",20,0,-1.123917006,"{0: 18, 1: 0, 2: 2, 3: 0, 4: 0}",0
93,FALSE,"{'a': 0.01, 'e': 0.5978339822872982}",25,0,-0.596089527,"{0: 22, 1: 0, 2: 3, 3: 0, 4: 0}",0
94,FALSE,"{'a': 0.01, 'e': 0.5897880250310983}",25,0,11.06977421,"{0: 21, 1: 3, 2: 1, 3: 0, 4: 0}",0
95,FALSE,"{'a': 0.01, 'e': 0.5816830894638835}",30,11,-8.643373408,"{0: 15, 1: 1, 2: 3, 3: 0, 4: 0}",1
96,FALSE,"{'a': 0.01, 'e': 0.5735199860724567}",20,0,6.047522429,"{0: 18, 1: 1, 2: 1, 3: 0, 4: 0}",0
97,FALSE,"{'a': 0.01, 'e': 0.5652995311603544}",20,10,-78.41922467,"{0: 7, 1: 0, 2: 1, 3: 0, 4: 2}",1
98,FALSE,"{'a': 0.01, 'e': 0.5570225467662173}",30,0,-102.9077713,"{0: 25, 1: 0, 2: 2, 3: 0, 4: 3}",0
99,FALSE,"{'a': 0.01, 'e': 0.5486898605815876}",20,0,-29.07146087,"{0: 18, 1: 0, 2: 1, 3: 0, 4: 1}",0
100,FALSE,"{'a': 0.01, 'e': 0.5403023058681398}",20,0,-45.28050186,"{0: 15, 1: 1, 2: 2, 3: 2, 4: 0}",0
101,FALSE,"{'a': 0.01, 'e': 0.5318607213743555}",25,16,-6.052599666,"{0: 7, 1: 0, 2: 2, 3: 0, 4: 0}",1
102,FALSE,"{'a': 0.01, 'e': 0.5233659512516496}",25,9,-106.199376,"{0: 10, 1: 2, 2: 1, 3: 1, 4: 2}",1
103,FALSE,"{'a': 0.01, 'e': 0.5148188449699553}",20,8,-71.66268674,"{0: 9, 1: 0, 2: 1, 3: 0, 4: 2}",1
104,FALSE,"{'a': 0.01, 'e': 0.5062202572327784}",25,14,-10.23322961,"{0: 8, 1: 2, 2: 1, 3: 0, 4: 0}",1
105,FALSE,"{'a': 0.01, 'e': 0.497571047891727}",20,9,9.643620347,"{0: 10, 1: 0, 2: 1, 3: 0, 4: 0}",1
106,FALSE,"{'a': 0.01, 'e': 0.48887208186052755}",25,0,-86.18513036,"{0: 16, 1: 4, 2: 3, 3: 1, 4: 1}",0
107,FALSE,"{'a': 0.01, 'e': 0.48012422902853413}",30,8,-26.06294467,"{0: 20, 1: 0, 2: 0, 3: 1, 4: 1}",1
108,FALSE,"{'a': 0.01, 'e': 0.47132836417373997}",20,0,-74.48057216,"{0: 16, 1: 1, 2: 1, 3: 0, 4: 2}",0
109,FALSE,"{'a': 0.01, 'e': 0.4624853668753008}",30,7,-8.558389516,"{0: 19, 1: 1, 2: 3, 3: 0, 4: 0}",1
110,FALSE,"{'a': 0.01, 'e': 0.4535961214255773}",20,0,-7.124094514,"{0: 17, 1: 1, 2: 2, 3: 0, 4: 0}",0
111,FALSE,"{'a': 0.01, 'e': 0.44466151674170673}",20,0,-5.059771509,"{0: 18, 1: 0, 2: 1, 3: 1, 4: 0}",0
112,FALSE,"{'a': 0.01, 'e': 0.43568244627671204}",20,8,8.422270254.869033874365972,"{0: 9, 1: 0, 2: 0, 3: 1, 4: 0}",1
113,FALSE,"{'a': 0.01, 'e': 0.42665980793015723}",35,9,-36.6343703,"{0: 22, 1: 0, 2: 3, 3: 0, 4: 1}",1
114,FALSE,"{'a': 0.01, 'e': 0.41759450395835795}",20,8,-21.97002872,"{0: 11, 1: 0, 2: 0, 3: 0, 4: 1}",1
115,FALSE,"{'a': 0.01, 'e': 0.40848744088415717}",25,0,-27.39632301,"{0: 18, 1: 3, 2: 4, 3: 0, 4: 0}",0
116,FALSE,"{'a': 0.01, 'e': 0.3993395294062732}",25,11,2.559950879,"{0: 12, 1: 0, 2: 2, 3: 0, 4: 0}",1
117,FALSE,"{'a': 0.01, 'e': 0.3901516843082303}",25,0,-32.06971628,"{0: 21, 1: 1, 2: 2, 3: 0, 4: 1}",0
118,FALSE,"{'a': 0.01, 'e': 0.3809248243668818}",20,1,-18.32107122,"{0: 16, 1: 0, 2: 2, 3: 1, 4: 0}",1
119,FALSE,"{'a': 0.01, 'e': 0.371659872260533}",25,16,-3.093199588,"{0: 7, 1: 1, 2: 1, 3: 0, 4: 0}",1
120,FALSE,"{'a': 0.01, 'e': 0.3623577544766736}",20,0,-58.43974643,"{0: 13, 1: 1, 2: 5, 3: 1, 4: 0}",0
121,FALSE,"{'a': 0.01, 'e': 0.35301940121933034}",25,7,14.93416262,"{0: 17, 1: 0, 2: 1, 3: 0, 4: 0}",1
122,FALSE,"{'a': 0.01, 'e': 0.34364574631604705}",30,0,-38.94971282,"{0: 25, 1: 0, 2: 4, 3: 0, 4: 1}",0
123,FALSE,"{'a': 0.01, 'e': 0.3342377271245026}",30,0,-7.613651477,"{0: 26, 1: 1, 2: 3, 3: 0, 4: 0}",0
124,FALSE,"{'a': 0.01, 'e': 0.32479628443877623}",20,0,-3.870953693,"{0: 18, 1: 0, 2: 1, 3: 1, 4: 0}",0
125,FALSE,"{'a': 0.01, 'e': 0.3153223623952687}",25,17,2.975872743,"{0: 7, 1: 0, 2: 1, 3: 0, 4: 0}",1
126,FALSE,"{'a': 0.01, 'e': 0.3058169083782893}",20,7,-37.67542917,"{0: 10, 1: 1, 2: 1, 3: 0, 4: 1}",1
127,FALSE,"{'a': 0.01, 'e': 0.2962808729253187}",20,0,-70.57709077,"{0: 16, 1: 1, 2: 1, 3: 0, 4: 2}",1
128,FALSE,"{'a': 0.01, 'e': 0.28671520963195546}",20,16,8.190076183,"{0: 4, 1: 0, 2: 0, 3: 0, 4: 0}",1
129,FALSE,"{'a': 0.01, 'e': 0.2771208750565576}",20,10,-11.78696803,"{0: 7, 1: 1, 2: 2, 3: 0, 4: 0}",1
130,FALSE,"{'a': 0.01, 'e': 0.26749882862458735}",35,22,11.31963194,"{0: 11, 1: 2, 2: 0, 3: 0, 4: 0}",1
131,FALSE,"{'a': 0.01, 'e': 0.2578500325326696}",20,8,-4.090229686,"{0: 10, 1: 0, 2: 2, 3: 0, 4: 0}",1
132,FALSE,"{'a': 0.01, 'e': 0.2481754516523729}",20,0,-32.4848782,"{0: 17, 1: 1, 2: 1, 3: 0, 4: 1}",0
133,FALSE,"{'a': 0.01, 'e': 0.23847605343372313}",20,0,-23.70025259,"{0: 15, 1: 1, 2: 4, 3: 0, 4: 0}",0
134,FALSE,"{'a': 0.01, 'e': 0.22875280780845939}",25,0,-5.535713992,"{0: 21, 1: 0, 2: 4, 3: 0, 4: 0}",0
135,FALSE,"{'a': 0.01, 'e': 0.2190066870930415}",20,7,-17.16293891,"{0: 12, 1: 0, 2: 0, 3: 0, 4: 1}",1
136,FALSE,"{'a': 0.01, 'e': 0.20923866589141926}",25,11,10.52581897,"{0: 13, 1: 0, 2: 1, 3: 0, 4: 0}",1
137,FALSE,"{'a': 0.01, 'e': 0.19944972099757285}",25,10,25.1721669,"{0: 15, 1: 0, 2: 0, 3: 0, 4: 0}",1
138,FALSE,"{'a': 0.01, 'e': 0.18964083129783424}",20,9,18.60396876,"{0: 11, 1: 0, 2: 0, 3: 0, 4: 0}",1
139,FALSE,"{'a': 0.01, 'e': 0.17981297767299934}",20,12,11.61191364,"{0: 8, 1: 0, 2: 0, 3: 0, 4: 0}",1
140,FALSE,"{'a': 0.01, 'e': 0.16996714290024081}",30,6,0.506038607,"{0: 20, 1: 2, 2: 2, 3: 0, 4: 0}",1
141,FALSE,"{'a': 0.01, 'e': 0.16010431155483126}",30,4,-12.53067293,"{0: 22, 1: 1, 2: 2, 3: 1, 4: 0}",1
142,FALSE,"{'a': 0.01, 'e': 0.15022546991168584}",20,4,13.51029351,"{0: 15, 1: 0, 2: 1, 3: 0, 4: 0}",1
143,FALSE,"{'a': 0.01, 'e': 0.1403316058467367}",25,0,14.98198509,"{0: 23, 1: 1, 2: 1, 3: 0, 4: 0}",0
144,FALSE,"{'a': 0.01, 'e': 0.13042370873814554}",20,14,10.35885797,"{0: 6, 1: 0, 2: 0, 3: 0, 4: 0}",1
145,FALSE,"{'a': 0.01, 'e': 0.1205027693673666}",25,5,-11.3512493,"{0: 18, 1: 1, 2: 0, 3: 0, 4: 1}",1
146,FALSE,"{'a': 0.01, 'e': 0.11056977982006957}",25,17,13.64198627,"{0: 8, 1: 0, 2: 0, 3: 0, 4: 0}",1
147,FALSE,"{'a': 0.01, 'e': 0.10062573338693172}",35,15,27.77492408,"{0: 19, 1: 1, 2: 0, 3: 0, 4: 0}",1
148,FALSE,"{'a': 0.01, 'e': 0.09067162446430967}",30,20,2.721601406,"{0: 9, 1: 0, 2: 1, 3: 0, 4: 0}",1
149,FALSE,"{'a': 0.01, 'e': 0.08070844845480062}",20,7,22.66231086,"{0: 13, 1: 0, 2: 0, 3: 0, 4: 0}",1
150,FALSE,"{'a': 0.01, 'e': 0.0707372016677029}",25,15,-31.96868616,"{0: 8, 1: 0, 2: 1, 3: 0, 4: 1}",1
151,FALSE,"{'a': 0.01, 'e': 0.0607588812193859}",20,7,11.54809022,"{0: 12, 1: 0, 2: 1, 3: 0, 4: 0}",1
152,FALSE,"{'a': 0.01, 'e': 0.05077448493357918}",25,0,34.29521001,"{0: 25, 1: 0, 2: 0, 3: 0, 4: 0}",0
153,FALSE,"{'a': 0.01, 'e': 0.040785011241591035}",30,23,13.08763357,"{0: 7, 1: 0, 2: 0, 3: 0, 4: 0}",1
154,FALSE,"{'a': 0.01, 'e': 0.030791459082466124}",20,5,26.70902855,"{0: 15, 1: 0, 2: 0, 3: 0, 4: 0}",1
155,FALSE,"{'a': 0.01, 'e': 0.02079482780309243}",25,11,28.4020054,"{0: 14, 1: 0, 2: 0, 3: 0, 4: 0}",1
156,FALSE,"{'a': 0.01, 'e': 0.010796117058267392}",25,14,19.02517338,"{0: 11, 1: 0, 2: 0, 3: 0, 4: 0}",1
157,FALSE,"{'a': 0.01, 'e': 0.0007963267107332633}",25,10,28.71241537,"{0: 15, 1: 0, 2: 0, 3: 0, 4: 0}",1
1,TRUE,"{'a': 0.0, 'e': 0.0}",25,12,22.95993629,"{0: 13, 1: 0, 2: 0, 3: 0, 4: 0}",1
2,TRUE,"{'a': 0.0, 'e': 0.0}",20,10,20.84124304,"{0: 10, 1: 0, 2: 0, 3: 0, 4: 0}",1
3,TRUE,"{'a': 0.0, 'e': 0.0}",25,18,15.00186426,"{0: 7, 1: 0, 2: 0, 3: 0, 4: 0}",1
4,TRUE,"{'a': 0.0, 'e': 0.0}",25,17,15.94997898,"{0: 8, 1: 0, 2: 0, 3: 0, 4: 0}",1
5,TRUE,"{'a': 0.0, 'e': 0.0}",20,0,32.04985268,"{0: 20, 1: 0, 2: 0, 3: 0, 4: 0}",0
6,TRUE,"{'a': 0.0, 'e': 0.0}",25,18,10.61657243,"{0: 7, 1: 0, 2: 0, 3: 0, 4: 0}",1
7,TRUE,"{'a': 0.0, 'e': 0.0}",20,8,20.79994565,"{0: 12, 1: 0, 2: 0, 3: 0, 4: 0}",1
8,TRUE,"{'a': 0.0, 'e': 0.0}",25,9,28.96601055,"{0: 16, 1: 0, 2: 0, 3: 0, 4: 0}",1
9,TRUE,"{'a': 0.0, 'e': 0.0}",20,14,10.70099124,"{0: 6, 1: 0, 2: 0, 3: 0, 4: 0}",1
10,TRUE,"{'a': 0.0, 'e': 0.0}",30,11,30.74628227,"{0: 19, 1: 0, 2: 0, 3: 0, 4: 0}",1
11,TRUE,"{'a': 0.0, 'e': 0.0}",20,16,9.523408678,"{0: 4, 1: 0, 2: 0, 3: 0, 4: 0}",1
12,TRUE,"{'a': 0.0, 'e': 0.0}",25,14,18.33845179,"{0: 11, 1: 0, 2: 0, 3: 0, 4: 0}",1
13,TRUE,"{'a': 0.0, 'e': 0.0}",20,5,24.44908147,"{0: 15, 1: 0, 2: 0, 3: 0, 4: 0}",1
14,TRUE,"{'a': 0.0, 'e': 0.0}",20,8,20.68944635,"{0: 12, 1: 0, 2: 0, 3: 0, 4: 0}",1
15,TRUE,"{'a': 0.0, 'e': 0.0}",20,14,9.85926013,"{0: 6, 1: 0, 2: 0, 3: 0, 4: 0}",1
16,TRUE,"{'a': 0.0, 'e': 0.0}",25,14,20.90187773,"{0: 11, 1: 0, 2: 0, 3: 0, 4: 0}",1
17,TRUE,"{'a': 0.0, 'e': 0.0}",20,13,10.81641553,"{0: 7, 1: 0, 2: 0, 3: 0, 4: 0}",1
18,TRUE,"{'a': 0.0, 'e': 0.0}",30,16,24.87416395,"{0: 14, 1: 0, 2: 0, 3: 0, 4: 0}",1
19,TRUE,"{'a': 0.0, 'e': 0.0}",25,15,18.27993004,"{0: 10, 1: 0, 2: 0, 3: 0, 4: 0}",1
20,TRUE,"{'a': 0.0, 'e': 0.0}",25,10,30.3862289,"{0: 15, 1: 0, 2: 0, 3: 0, 4: 0}",1
21,TRUE,"{'a': 0.0, 'e': 0.0}",20,0,27.82922566,"{0: 20, 1: 0, 2: 0, 3: 0, 4: 0}",0
22,TRUE,"{'a': 0.0, 'e': 0.0}",25,7,30.9171171,"{0: 18, 1: 0, 2: 0, 3: 0, 4: 0}",1
23,TRUE,"{'a': 0.0, 'e': 0.0}",30,22,17.03868937,"{0: 8, 1: 0, 2: 0, 3: 0, 4: 0}",1
24,TRUE,"{'a': 0.0, 'e': 0.0}",25,17,17.07504447,"{0: 8, 1: 0, 2: 0, 3: 0, 4: 0}",1
25,TRUE,"{'a': 0.0, 'e': 0.0}",25,7,27.54821461,"{0: 18, 1: 0, 2: 0, 3: 0, 4: 0}",1
26,TRUE,"{'a': 0.0, 'e': 0.0}",20,12,17.44738014,"{0: 8, 1: 0, 2: 0, 3: 0, 4: 0}",1
27,TRUE,"{'a': 0.0, 'e': 0.0}",20,12,17.73219691,"{0: 8, 1: 0, 2: 0, 3: 0, 4: 0}",1
28,TRUE,"{'a': 0.0, 'e': 0.0}",20,10,21.82519855,"{0: 10, 1: 0, 2: 0, 3: 0, 4: 0}",1
29,TRUE,"{'a': 0.0, 'e': 0.0}",20,10,16.89914403,"{0: 10, 1: 0, 2: 0, 3: 0, 4: 0}",1
30,TRUE,"{'a': 0.0, 'e': 0.0}",35,8,46.27049177,"{0: 27, 1: 0, 2: 0, 3: 0, 4: 0}",1
31,TRUE,"{'a': 0.0, 'e': 0.0}",35,17,29.1318084,"{0: 18, 1: 0, 2: 0, 3: 0, 4: 0}",1
32,TRUE,"{'a': 0.0, 'e': 0.0}",20,11,14.392532,"{0: 9, 1: 0, 2: 0, 3: 0, 4: 0}",1
33,TRUE,"{'a': 0.0, 'e': 0.0}",25,12,26.45703213,"{0: 13, 1: 0, 2: 0, 3: 0, 4: 0}",1
34,TRUE,"{'a': 0.0, 'e': 0.0}",20,9,16.79704729,"{0: 11, 1: 0, 2: 0, 3: 0, 4: 0}",1
35,TRUE,"{'a': 0.0, 'e': 0.0}",25,11,25.32092094,"{0: 14, 1: 0, 2: 0, 3: 0, 4: 0}",1
36,TRUE,"{'a': 0.0, 'e': 0.0}",20,16,6.693633113,"{0: 4, 1: 0, 2: 0, 3: 0, 4: 0}",1
37,TRUE,"{'a': 0.0, 'e': 0.0}",20,13,14.47741901,"{0: 7, 1: 0, 2: 0, 3: 0, 4: 0}",1
38,TRUE,"{'a': 0.0, 'e': 0.0}",30,22,17.84221667,"{0: 8, 1: 0, 2: 0, 3: 0, 4: 0}",1
39,TRUE,"{'a': 0.0, 'e': 0.0}",25,14,18.86971356,"{0: 11, 1: 0, 2: 0, 3: 0, 4: 0}",1
40,TRUE,"{'a': 0.0, 'e': 0.0}",20,16,7.862494257,"{0: 4, 1: 0, 2: 0, 3: 0, 4: 0}",1
41,TRUE,"{'a': 0.0, 'e': 0.0}",20,2,31.47830238,"{0: 18, 1: 0, 2: 0, 3: 0, 4: 0}",1
42,TRUE,"{'a': 0.0, 'e': 0.0}",20,8,21.74447482,"{0: 12, 1: 0, 2: 0, 3: 0, 4: 0}",1
43,TRUE,"{'a': 0.0, 'e': 0.0}",25,13,23.97464657,"{0: 12, 1: 0, 2: 0, 3: 0, 4: 0}",1
44,TRUE,"{'a': 0.0, 'e': 0.0}",25,10,31.71782783,"{0: 15, 1: 0, 2: 0, 3: 0, 4: 0}",1
45,TRUE,"{'a': 0.0, 'e': 0.0}",25,14,20.65907017,"{0: 11, 1: 0, 2: 0, 3: 0, 4: 0}",1
46,TRUE,"{'a': 0.0, 'e': 0.0}",20,9,21.59100014,"{0: 11, 1: 0, 2: 0, 3: 0, 4: 0}",1
47,TRUE,"{'a': 0.0, 'e': 0.0}",25,16,18.21919055,"{0: 9, 1: 0, 2: 0, 3: 0, 4: 0}",1
48,TRUE,"{'a': 0.0, 'e': 0.0}",20,12,15.93989344,"{0: 8, 1: 0, 2: 0, 3: 0, 4: 0}",1
49,TRUE,"{'a': 0.0, 'e': 0.0}",30,16,23.81391911,"{0: 14, 1: 0, 2: 0, 3: 0, 4: 0}",1
50,TRUE,"{'a': 0.0, 'e': 0.0}",25,8,30.34579553,"{0: 17, 1: 0, 2: 0, 3: 0, 4: 0}",1
51,TRUE,"{'a': 0.0, 'e': 0.0}",25,20,11.16099581,"{0: 5, 1: 0, 2: 0, 3: 0, 4: 0}",1
52,TRUE,"{'a': 0.0, 'e': 0.0}",30,12,33.49372524,"{0: 18, 1: 0, 2: 0, 3: 0, 4: 0}",1
53,TRUE,"{'a': 0.0, 'e': 0.0}",35,23,25.46985129,"{0: 12, 1: 0, 2: 0, 3: 0, 4: 0}",1
54,TRUE,"{'a': 0.0, 'e': 0.0}",35,18,31.3906149,"{0: 17, 1: 0, 2: 0, 3: 0, 4: 0}",1
55,TRUE,"{'a': 0.0, 'e': 0.0}",20,2,24.86442849,"{0: 18, 1: 0, 2: 0, 3: 0, 4: 0}",1
56,TRUE,"{'a': 0.0, 'e': 0.0}",20,15,9.390398718,"{0: 5, 1: 0, 2: 0, 3: 0, 4: 0}",1
57,TRUE,"{'a': 0.0, 'e': 0.0}",20,8,20.72034075,"{0: 12, 1: 0, 2: 0, 3: 0, 4: 0}",1
58,TRUE,"{'a': 0.0, 'e': 0.0}",25,18,11.32551125,"{0: 7, 1: 0, 2: 0, 3: 0, 4: 0}",1
59,TRUE,"{'a': 0.0, 'e': 0.0}",25,9,31.27797828,"{0: 16, 1: 0, 2: 0, 3: 0, 4: 0}",1
60,TRUE,"{'a': 0.0, 'e': 0.0}",25,11,22.93618184,"{0: 14, 1: 0, 2: 0, 3: 0, 4: 0}",1
61,TRUE,"{'a': 0.0, 'e': 0.0}",20,4,26.51978193,"{0: 16, 1: 0, 2: 0, 3: 0, 4: 0}",1
62,TRUE,"{'a': 0.0, 'e': 0.0}",20,7,27.78878414,"{0: 13, 1: 0, 2: 0, 3: 0, 4: 0}",1
63,TRUE,"{'a': 0.0, 'e': 0.0}",20,14,10.98312219,"{0: 6, 1: 0, 2: 0, 3: 0, 4: 0}",1
64,TRUE,"{'a': 0.0, 'e': 0.0}",20,13,15.21730927,"{0: 7, 1: 0, 2: 0, 3: 0, 4: 0}",1
65,TRUE,"{'a': 0.0, 'e': 0.0}",20,8,23.20641611,"{0: 12, 1: 0, 2: 0, 3: 0, 4: 0}",1
66,TRUE,"{'a': 0.0, 'e': 0.0}",35,18,32.44187366,"{0: 17, 1: 0, 2: 0, 3: 0, 4: 0}",1
67,TRUE,"{'a': 0.0, 'e': 0.0}",20,11,17.66127195,"{0: 9, 1: 0, 2: 0, 3: 0, 4: 0}",1
68,TRUE,"{'a': 0.0, 'e': 0.0}",30,18,19.63855432,"{0: 12, 1: 0, 2: 0, 3: 0, 4: 0}",1
69,TRUE,"{'a': 0.0, 'e': 0.0}",20,7,26.11785126,"{0: 13, 1: 0, 2: 0, 3: 0, 4: 0}",1
70,TRUE,"{'a': 0.0, 'e': 0.0}",25,1,34.23890227,"{0: 24, 1: 0, 2: 0, 3: 0, 4: 0}",1
71,TRUE,"{'a': 0.0, 'e': 0.0}",20,16,7.771755174,"{0: 4, 1: 0, 2: 0, 3: 0, 4: 0}",1
72,TRUE,"{'a': 0.0, 'e': 0.0}",25,15,16.6413396,"{0: 10, 1: 0, 2: 0, 3: 0, 4: 0}",1
73,TRUE,"{'a': 0.0, 'e': 0.0}",25,15,18.0706561,"{0: 10, 1: 0, 2: 0, 3: 0, 4: 0}",1
74,TRUE,"{'a': 0.0, 'e': 0.0}",20,7,24.70237275,"{0: 13, 1: 0, 2: 0, 3: 0, 4: 0}",1
75,TRUE,"{'a': 0.0, 'e': 0.0}",30,23,12.42340802,"{0: 7, 1: 0, 2: 0, 3: 0, 4: 0}",1
76,TRUE,"{'a': 0.0, 'e': 0.0}",25,9,28.79809571,"{0: 16, 1: 0, 2: 0, 3: 0, 4: 0}",1
77,TRUE,"{'a': 0.0, 'e': 0.0}",25,11,22.3166878,"{0: 14, 1: 0, 2: 0, 3: 0, 4: 0}",1
78,TRUE,"{'a': 0.0, 'e': 0.0}",25,15,18.91550013,"{0: 10, 1: 0, 2: 0, 3: 0, 4: 0}",1
79,TRUE,"{'a': 0.0, 'e': 0.0}",20,15,7.650544824,"{0: 5, 1: 0, 2: 0, 3: 0, 4: 0}",1
80,TRUE,"{'a': 0.0, 'e': 0.0}",20,9,22.36201499,"{0: 11, 1: 0, 2: 0, 3: 0, 4: 0}",1
81,TRUE,"{'a': 0.0, 'e': 0.0}",30,13,29.90430238,"{0: 17, 1: 0, 2: 0, 3: 0, 4: 0}",1
82,TRUE,"{'a': 0.0, 'e': 0.0}",30,12,34.91165432,"{0: 18, 1: 0, 2: 0, 3: 0, 4: 0}",1
83,TRUE,"{'a': 0.0, 'e': 0.0}",20,10,17.90962321,"{0: 10, 1: 0, 2: 0, 3: 0, 4: 0}",1
84,TRUE,"{'a': 0.0, 'e': 0.0}",20,2,33.68327968,"{0: 18, 1: 0, 2: 0, 3: 0, 4: 0}",1
85,TRUE,"{'a': 0.0, 'e': 0.0}",20,10,17.80499489,"{0: 10, 1: 0, 2: 0, 3: 0, 4: 0}",1
86,TRUE,"{'a': 0.0, 'e': 0.0}",20,13,15.10605657,"{0: 7, 1: 0, 2: 0, 3: 0, 4: 0}",1
87,TRUE,"{'a': 0.0, 'e': 0.0}",20,14,12.63217109,"{0: 6, 1: 0, 2: 0, 3: 0, 4: 0}",1
88,TRUE,"{'a': 0.0, 'e': 0.0}",20,10,22.01341787,"{0: 10, 1: 0, 2: 0, 3: 0, 4: 0}",1
89,TRUE,"{'a': 0.0, 'e': 0.0}",20,13,12.51472853,"{0: 7, 1: 0, 2: 0, 3: 0, 4: 0}",1
90,TRUE,"{'a': 0.0, 'e': 0.0}",20,10,16.42697838,"{0: 10, 1: 0, 2: 0, 3: 0, 4: 0}",1
91,TRUE,"{'a': 0.0, 'e': 0.0}",25,8,26.8949676,"{0: 17, 1: 0, 2: 0, 3: 0, 4: 0}",1
92,TRUE,"{'a': 0.0, 'e': 0.0}",20,12,16.64326741,"{0: 8, 1: 0, 2: 0, 3: 0, 4: 0}",1
93,TRUE,"{'a': 0.0, 'e': 0.0}",25,10,23.8508655,"{0: 15, 1: 0, 2: 0, 3: 0, 4: 0}",1
94,TRUE,"{'a': 0.0, 'e': 0.0}",30,10,35.33851883,"{0: 20, 1: 0, 2: 0, 3: 0, 4: 0}",1
95,TRUE,"{'a': 0.0, 'e': 0.0}",20,15,11.70074984,"{0: 5, 1: 0, 2: 0, 3: 0, 4: 0}",1
96,TRUE,"{'a': 0.0, 'e': 0.0}",20,8,21.17297846,"{0: 12, 1: 0, 2: 0, 3: 0, 4: 0}",1
97,TRUE,"{'a': 0.0, 'e': 0.0}",20,16,7.574004385,"{0: 4, 1: 0, 2: 0, 3: 0, 4: 0}",1
98,TRUE,"{'a': 0.0, 'e': 0.0}",20,14,10.48057508,"{0: 6, 1: 0, 2: 0, 3: 0, 4: 0}",1
99,TRUE,"{'a': 0.0, 'e': 0.0}",20,5,21.84113747,"{0: 15, 1: 0, 2: 0, 3: 0, 4: 0}",1
100,TRUE,"{'a': 0.0, 'e': 0.0}",20,10,16.22079063,"{0: 10, 1: 0, 2: 0, 3: 0, 4: 0}",1